{"Epoch": 0, "Training loss": 46.89662855498645, "Validation Loss": 16.2838191986084, "Validation RMSE": 4.0351409912109375, "_timestamp": 1726553490.6720207, "_runtime": 22.116808652877808, "_step": 0}