{"Epoch": 50, "Training loss": 1.8359361630859607e+23, "Validation Loss": 10.720165252685547, "Validation RMSE": 3.2782626152038574, "_timestamp": 1726472262.8838184, "_runtime": 219.05037140846252, "_step": 1}