{"Epoch": 50, "Training loss": Infinity, "Validation Loss": 5.5103254318237305, "Validation RMSE": 2.3514316082000732, "_timestamp": 1726471911.9077556, "_runtime": 206.65305757522583, "_step": 1}