{"Epoch": 0, "Training loss": 50.73745964984504, "Validation Loss": 19.658849716186523, "Validation RMSE": 4.435070991516113, "_timestamp": 1726554349.126739, "_runtime": 21.541399002075195, "_step": 0}