{"Epoch": 350, "Training loss": 15.806566102164131, "Validation Loss": 7.33636999130249, "Validation RMSE": 2.707890272140503, "_timestamp": 1726502904.7235725, "_runtime": 3458.5742325782776, "_step": 7, "_wandb": {"runtime": 3873}}