{"Epoch": 4, "Training loss": 22.647431938015686, "Validation Loss": 8.41673755645752, "Validation RMSE": 2.900705575942993, "_timestamp": 1726555114.1754062, "_runtime": 66.12819218635559, "_step": 4}