{"Epoch": 0, "Training loss": Infinity, "Validation Loss": 17.967424392700195, "Validation RMSE": 4.239470481872559, "_timestamp": 1726471502.6643445, "_runtime": 14.566633462905884, "_step": 0}