{"Epoch": 0, "Training loss": 127.42800809899155, "Validation Loss": 125.5586166381836, "Validation RMSE": 11.208052635192871, "_timestamp": 1726491123.3037302, "_runtime": 19.427680253982544, "_step": 0}