{"Epoch": 0, "Training loss": 86.36230655592315, "Validation Loss": 30.564624786376953, "Validation RMSE": 5.529872894287109, "_timestamp": 1726323450.1742089, "_runtime": 10.196109771728516, "_step": 0, "_wandb": {"runtime": 147}}