{"Epoch": 0, "Training loss": 850418950.5306122, "Validation Loss": 19.170427322387695, "Validation RMSE": 4.379046440124512, "_timestamp": 1726472496.8864923, "_runtime": 13.351333141326904, "_step": 0}