{"Epoch": 50, "Training loss": 1.4113148295397874e+21, "Validation Loss": 10.700648307800293, "Validation RMSE": 3.2752816677093506, "_timestamp": 1726472803.6040971, "_runtime": 244.43833422660828, "_step": 1}