{"Epoch": 830, "Training loss": 7.381022959339376, "_timestamp": 1726326127.8952444, "_runtime": 2312.2785863876343, "_step": 83}