{"Epoch": 1990, "Training loss": 7.32586196004128, "_timestamp": 1726329246.6234837, "_runtime": 5431.006825685501, "_step": 199}